Name,Email,Number,Role,Organisation,Group,Image URL,Link,Description,
Brett Thomas,ve@ke.me,Number,Role,Organisation,Group,Image URL,Link,Description,
Edward Gregory,ihrazpos@bejluwod.et,Number,Role,Organisation,Group,Image URL,Link,Description,
Milton Manning,wucifuw@punpa.mp,Number,Role,Organisation,Group,Image URL,Link,Description,
Dora Bell,hoz@woera.pe,Number,Role,Organisation,Group,Image URL,Link,Description,
Leo Duncan,woj@ga.nl,Number,Role,Organisation,Group,Image URL,Link,Description,
Eva Roberson,elijoha@bos.cl,Number,Role,Organisation,Group,Image URL,Link,Description,
Myrtie Steele,lujaz@ukemosul.ru,Number,Role,Organisation,Group,Image URL,Link,Description,
Darrell McGee,novtesloz@kilda.bb,Number,Role,Organisation,Group,Image URL,Link,Description,
Leona Thompson,un@pigisob.sx,Number,Role,Organisation,Group,Image URL,Link,Description,
Edgar Newton,kokpa@sibit.mr,Number,Role,Organisation,Group,Image URL,Link,Description,
Ivan Brown,fattudef@bur.cy,Number,Role,Organisation,Group,Image URL,Link,Description,
Dennis Moreno,avbep@ezaiba.dk,Number,Role,Organisation,Group,Image URL,Link,Description,
Cecelia Potter,fehmom@ifozazga.ls,Number,Role,Organisation,Group,Image URL,Link,Description,
Gerald Jones,vapes@zadiduov.is,Number,Role,Organisation,Group,Image URL,Link,Description,
Daniel Newton,cid@oga.cf,Number,Role,Organisation,Group,Image URL,Link,Description,
Linnie Graves,sim@vojofdor.ye,Number,Role,Organisation,Group,Image URL,Link,Description,
Duane May,mesdanij@tunzeklac.gw,Number,Role,Organisation,Group,Image URL,Link,Description,
Bernice Bryant,kapos@cebo.pk,Number,Role,Organisation,Group,Image URL,Link,Description,
Hilda Jefferson,vuga@wez.sg,Number,Role,Organisation,Group,Image URL,Link,Description,
Lettie Graves,sa@ra.ar,Number,Role,Organisation,Group,Image URL,Link,Description,
Flora Williamson,pavveake@ur.ve,Number,Role,Organisation,Group,Image URL,Link,Description,
Bobby Davidson,zofohgi@dumowa.uy,Number,Role,Organisation,Group,Image URL,Link,Description,
Frank Bowen,pijfekid@hit.org,Number,Role,Organisation,Group,Image URL,Link,Description,
Carolyn Graham,oto@za.ki,Number,Role,Organisation,Group,Image URL,Link,Description,
Pearl Gilbert,bekbocbo@esfu.gw,Number,Role,Organisation,Group,Image URL,Link,Description,
Johnny Murphy,vofoc@titad.gt,Number,Role,Organisation,Group,Image URL,Link,Description,
Carrie Jenkins,pon@jejkif.gs,Number,Role,Organisation,Group,Image URL,Link,Description,
Brent Houston,ico@zepavus.nl,Number,Role,Organisation,Group,Image URL,Link,Description,
Rena Cook,okbihi@uhook.ci,Number,Role,Organisation,Group,Image URL,Link,Description,
Edna Tate,zon@anepekkej.com,Number,Role,Organisation,Group,Image URL,Link,Description,
Leroy McKenzie,olu@zawim.bn,Number,Role,Organisation,Group,Image URL,Link,Description,
Vera Rowe,sarroznis@tercevij.at,Number,Role,Organisation,Group,Image URL,Link,Description,
Christina Coleman,ra@uge.om,Number,Role,Organisation,Group,Image URL,Link,Description,
Beatrice Vega,dohnutir@tumutbuh.za,Number,Role,Organisation,Group,Image URL,Link,Description,
Hilda Cooper,nuhafuuvi@ape.ie,Number,Role,Organisation,Group,Image URL,Link,Description,
Phillip Cortez,dafafar@setiupi.am,Number,Role,Organisation,Group,Image URL,Link,Description,
Harry Rogers,begbu@jebuppiz.lv,Number,Role,Organisation,Group,Image URL,Link,Description,
Lester Dawson,wakjajo@mebeh.nl,Number,Role,Organisation,Group,Image URL,Link,Description,
Eleanor Hughes,kisope@pimso.gn,Number,Role,Organisation,Group,Image URL,Link,Description,
Sophia Lowe,zag@wehze.lk,Number,Role,Organisation,Group,Image URL,Link,Description,
Cecelia Erickson,ru@kol.pg,Number,Role,Organisation,Group,Image URL,Link,Description,
Loretta Jimenez,ti@hu.an,Number,Role,Organisation,Group,Image URL,Link,Description,
Amelia Ward,guatu@ebabrij.tj,Number,Role,Organisation,Group,Image URL,Link,Description,
Mamie Arnold,dew@gubbu.by,Number,Role,Organisation,Group,Image URL,Link,Description,
Billy Reed,olo@umebekeve.gh,Number,Role,Organisation,Group,Image URL,Link,Description,
Nancy Morton,eweal@ji.np,Number,Role,Organisation,Group,Image URL,Link,Description,
Russell Higgins,jal@kar.bi,Number,Role,Organisation,Group,Image URL,Link,Description,
Anne Sullivan,getruc@jior.cf,Number,Role,Organisation,Group,Image URL,Link,Description,
Lillian Montgomery,esi@fot.lk,Number,Role,Organisation,Group,Image URL,Link,Description,
Martin Romero,ro@rur.ke,Number,Role,Organisation,Group,Image URL,Link,Description,
Ollie Buchanan,egimejer@akzis.mq,Number,Role,Organisation,Group,Image URL,Link,Description,
Claudia Patton,le@sigcuam.cu,Number,Role,Organisation,Group,Image URL,Link,Description,
Ryan Baker,kib@dutju.sx,Number,Role,Organisation,Group,Image URL,Link,Description,
Lida McLaughlin,jevfonfe@egujan.ss,Number,Role,Organisation,Group,Image URL,Link,Description,
Garrett Higgins,cabu@werbotuf.wf,Number,Role,Organisation,Group,Image URL,Link,Description,
Eleanor Chapman,gol@sonecwa.kp,Number,Role,Organisation,Group,Image URL,Link,Description,
Isabella Jenkins,mewwecci@ojsib.tw,Number,Role,Organisation,Group,Image URL,Link,Description,
Jonathan Padilla,gevunoma@gosor.ml,Number,Role,Organisation,Group,Image URL,Link,Description,
Lina Fitzgerald,cifpoti@alekadiv.net,Number,Role,Organisation,Group,Image URL,Link,Description,
Steven Stevenson,jaecrat@uvbu.dk,Number,Role,Organisation,Group,Image URL,Link,Description,
Clayton Bradley,vehgab@wesri.lk,Number,Role,Organisation,Group,Image URL,Link,Description,
Tony Olson,di@guso.gg,Number,Role,Organisation,Group,Image URL,Link,Description,
Mae Colon,le@malbe.mv,Number,Role,Organisation,Group,Image URL,Link,Description,
Nicholas Phelps,liav@pifinej.bb,Number,Role,Organisation,Group,Image URL,Link,Description,
Bertie Potter,revobfu@cuk.zw,Number,Role,Organisation,Group,Image URL,Link,Description,
Joe Soto,ik@ta.me,Number,Role,Organisation,Group,Image URL,Link,Description,
Alfred Barnes,cikuc@rocepsu.se,Number,Role,Organisation,Group,Image URL,Link,Description,
Blake Barrett,murasbi@ar.no,Number,Role,Organisation,Group,Image URL,Link,Description,
Benjamin Harrison,itdoupo@zab.ly,Number,Role,Organisation,Group,Image URL,Link,Description,
Jack Benson,vapekejul@deivu.bv,Number,Role,Organisation,Group,Image URL,Link,Description,
Sadie Douglas,emdigew@cunoka.pn,Number,Role,Organisation,Group,Image URL,Link,Description,
Brent Drake,ufebakeh@tehuiro.me,Number,Role,Organisation,Group,Image URL,Link,Description,
Leila Gonzalez,venvem@vi.gi,Number,Role,Organisation,Group,Image URL,Link,Description,
John Cox,fo@wo.com,Number,Role,Organisation,Group,Image URL,Link,Description,
Gertrude Lucas,ur@jeja.tp,Number,Role,Organisation,Group,Image URL,Link,Description,
Agnes Nguyen,guti@minov.bv,Number,Role,Organisation,Group,Image URL,Link,Description,
Hilda Fleming,lodif@wekuc.edu,Number,Role,Organisation,Group,Image URL,Link,Description,
Chester Davidson,ifdor@ciboleza.gn,Number,Role,Organisation,Group,Image URL,Link,Description,
Troy Moody,du@huni.bz,Number,Role,Organisation,Group,Image URL,Link,Description,
Sara Holmes,homtawu@wulapem.cr,Number,Role,Organisation,Group,Image URL,Link,Description,
Mable Duncan,neeb@baobmi.ph,Number,Role,Organisation,Group,Image URL,Link,Description,
Viola Rose,kacher@zeru.ax,Number,Role,Organisation,Group,Image URL,Link,Description,
Evelyn Blake,bikji@be.uz,Number,Role,Organisation,Group,Image URL,Link,Description,
Rena Vasquez,ikdu@pizub.mu,Number,Role,Organisation,Group,Image URL,Link,Description,
Sean Little,nej@wawmal.sz,Number,Role,Organisation,Group,Image URL,Link,Description,
Patrick Lane,laguz@wondalkin.bb,Number,Role,Organisation,Group,Image URL,Link,Description,
Marion Adkins,kud@pob.vg,Number,Role,Organisation,Group,Image URL,Link,Description,
Minerva Freeman,ahu@jifu.an,Number,Role,Organisation,Group,Image URL,Link,Description,
Allie McGee,pimij@kod.as,Number,Role,Organisation,Group,Image URL,Link,Description,
Edna Norton,ve@huvbahwup.lc,Number,Role,Organisation,Group,Image URL,Link,Description,
Bernard Gibson,lalufifa@ocmaf.bb,Number,Role,Organisation,Group,Image URL,Link,Description,
Eliza Pope,saprafsak@wuk.se,Number,Role,Organisation,Group,Image URL,Link,Description,
Garrett Atkins,lifip@ipovo.tr,Number,Role,Organisation,Group,Image URL,Link,Description,
Leonard Andrews,ca@newi.ge,Number,Role,Organisation,Group,Image URL,Link,Description,
Tyler Meyer,nim@cole.rs,Number,Role,Organisation,Group,Image URL,Link,Description,
Katie Austin,ceceg@akgiz.is,Number,Role,Organisation,Group,Image URL,Link,Description,
Olivia Harris,veh@vophazzam.sk,Number,Role,Organisation,Group,Image URL,Link,Description,
Willie White,fe@micwioj.es,Number,Role,Organisation,Group,Image URL,Link,Description,
Marc Powell,cocku@ucjeazu.zw,Number,Role,Organisation,Group,Image URL,Link,Description,
Ella Ortiz,utkar@udi.ck,Number,Role,Organisation,Group,Image URL,Link,Description,
